{
  "best_log_x": 7.414581809045226,
  "best_threshold": 0.41181129816517914,
  "best_f1": 0.9218297625940938
}